2020-01-25T00:03:48.468;25-01-2020 00:03:48.473;;;;
2020-01-25T00:08:09.382;25-01-2020 00:08:10.003;;;;
2020-01-25T00:08:10.003;25-01-2020 00:08:10.005;;;;
2020-01-25T00:13:08.149;25-01-2020 00:13:09.070;;;;
2020-01-25T00:13:09.070;25-01-2020 00:13:09.070;;;;
2020-01-25T00:18:43.764;25-01-2020 00:18:44.271;;;;
2020-01-25T00:18:44.271;25-01-2020 00:18:44.271;;;;
2020-01-25T00:18:44.621;25-01-2020 00:18:45.238;;;;
2020-01-25T00:18:45.238;25-01-2020 00:18:45.238;;;;
2020-01-25T00:38:02.008;25-01-2020 00:38:03.032;;;;
2020-01-25T00:38:03.032;25-01-2020 00:38:03.032;;;;
2020-01-25T00:38:03.523;25-01-2020 00:38:05.215;;;;
2020-01-25T00:38:05.215;25-01-2020 00:38:05.215;;;;
2020-01-25T00:48:05.941;25-01-2020 00:48:06.196;;;;
2020-01-25T00:48:06.196;25-01-2020 00:48:06.196;;;;
2020-01-25T00:48:09.523;25-01-2020 00:48:10.848;;;;
2020-01-25T00:48:10.848;25-01-2020 00:48:10.848;;;;
2020-01-25T01:58:03.056;25-01-2020 01:58:04.179;;;;
2020-01-25T01:58:04.179;25-01-2020 01:58:04.179;;;;
2020-01-25T02:33:04.819;25-01-2020 02:33:06.372;;;;
2020-01-25T02:33:06.372;25-01-2020 02:33:06.372;;;;
2020-01-25T02:33:06.477;25-01-2020 02:33:06.761;;;;
2020-01-25T02:33:06.761;25-01-2020 02:33:06.761;;;;
2020-01-25T06:02:20.713;25-01-2020 06:02:21.052;;;;
2020-01-25T06:02:21.052;25-01-2020 06:02:21.053;;;;
2020-01-25T05:53:29.720;25-01-2020 06:05:47.120;;;;
2020-01-25T06:05:47.120;25-01-2020 06:05:47.120;;;;
2020-01-25T05:53:55.363;25-01-2020 06:06:47.696;;;;
2020-01-25T06:06:47.696;25-01-2020 06:06:47.696;;;;
2020-01-25T05:53:35.380;25-01-2020 06:06:47.782;;;;
2020-01-25T06:06:47.782;25-01-2020 06:06:47.782;;;;
2020-01-25T05:55:03.030;25-01-2020 06:06:47.804;;;;
2020-01-25T06:06:47.804;25-01-2020 06:06:47.805;;;;
2020-01-25T05:55:09.404;25-01-2020 06:06:47.842;;;;
2020-01-25T06:06:47.842;25-01-2020 06:06:47.842;;;;
2020-01-25T05:55:16.899;25-01-2020 06:06:47.938;;;;
2020-01-25T06:06:47.938;25-01-2020 06:06:47.938;;;;
2020-01-25T05:55:34.015;25-01-2020 06:06:48.038;;;;
2020-01-25T06:06:48.038;25-01-2020 06:06:48.038;;;;
2020-01-25T05:56:59.378;25-01-2020 06:06:48.133;;;;
2020-01-25T06:06:48.133;25-01-2020 06:06:48.133;;;;
2020-01-25T05:57:06.735;25-01-2020 06:06:48.241;;;;
2020-01-25T06:06:48.241;25-01-2020 06:06:48.241;;;;
2020-01-25T05:57:28.569;25-01-2020 06:06:48.353;;;;
2020-01-25T06:06:48.352;25-01-2020 06:06:48.353;;;;
2020-01-25T05:59:41.301;25-01-2020 06:06:48.661;;;;
2020-01-25T06:06:48.661;25-01-2020 06:06:48.661;;;;
2020-01-25T06:03:55.620;25-01-2020 06:06:48.773;;;;
2020-01-25T06:06:48.773;25-01-2020 06:06:48.774;;;;
2020-01-25T05:59:47.121;25-01-2020 06:06:49.139;;;;
2020-01-25T06:06:49.139;25-01-2020 06:06:49.139;;;;
2020-01-25T05:59:47.346;25-01-2020 06:06:49.540;;;;
2020-01-25T06:06:49.540;25-01-2020 06:06:49.540;;;;
2020-01-25T05:59:54.035;25-01-2020 06:06:49.889;;;;
2020-01-25T06:06:49.889;25-01-2020 06:06:49.889;;;;
2020-01-25T06:00:14.670;25-01-2020 06:06:50.250;;;;
2020-01-25T06:06:50.250;25-01-2020 06:06:50.250;;;;
2020-01-25T06:00:17.152;25-01-2020 06:06:50.695;;;;
2020-01-25T06:06:50.695;25-01-2020 06:06:50.695;;;;
2020-01-25T06:00:41.346;25-01-2020 06:06:51.047;;;;
2020-01-25T06:06:51.047;25-01-2020 06:06:51.047;;;;
2020-01-25T06:01:06.974;25-01-2020 06:06:51.383;;;;
2020-01-25T06:06:51.383;25-01-2020 06:06:51.383;;;;
2020-01-25T06:01:13.041;25-01-2020 06:06:51.742;;;;
2020-01-25T06:06:51.742;25-01-2020 06:06:51.742;;;;
2020-01-25T06:01:19.905;25-01-2020 06:06:52.163;;;;
2020-01-25T06:06:52.163;25-01-2020 06:06:52.163;;;;
2020-01-25T06:01:20.218;25-01-2020 06:06:52.525;;;;
2020-01-25T06:06:52.525;25-01-2020 06:06:52.525;;;;
2020-01-25T06:01:20.410;25-01-2020 06:06:52.908;;;;
2020-01-25T06:06:52.908;25-01-2020 06:06:52.908;;;;
2020-01-25T06:01:41.390;25-01-2020 06:06:53.237;;;;
2020-01-25T06:06:53.237;25-01-2020 06:06:53.237;;;;
2020-01-25T06:02:07.013;25-01-2020 06:06:53.598;;;;
2020-01-25T06:06:53.598;25-01-2020 06:06:53.598;;;;
2020-01-25T06:02:13.078;25-01-2020 06:06:53.972;;;;
2020-01-25T06:06:53.971;25-01-2020 06:06:53.972;;;;
2020-01-25T06:02:42.192;25-01-2020 06:06:54.324;;;;
2020-01-25T06:06:54.324;25-01-2020 06:06:54.325;;;;
2020-01-25T06:02:59.438;25-01-2020 06:06:54.681;;;;
2020-01-25T06:06:54.681;25-01-2020 06:06:54.681;;;;
2020-01-25T06:03:10.812;25-01-2020 06:06:55.049;;;;
2020-01-25T06:06:55.049;25-01-2020 06:06:55.049;;;;
2020-01-25T06:03:14.875;25-01-2020 06:06:55.410;;;;
2020-01-25T06:06:55.410;25-01-2020 06:06:55.410;;;;
2020-01-25T06:04:55.083;25-01-2020 06:06:55.752;;;;
2020-01-25T06:06:55.752;25-01-2020 06:06:55.753;;;;
2020-01-25T06:05:19.638;25-01-2020 06:06:56.113;;;;
2020-01-25T06:06:56.113;25-01-2020 06:06:56.113;;;;
2020-01-25T06:05:23.056;25-01-2020 06:06:56.430;;;;
2020-01-25T06:06:56.430;25-01-2020 06:06:56.430;;;;
2020-01-25T06:05:23.309;25-01-2020 06:06:56.798;;;;
2020-01-25T06:06:56.798;25-01-2020 06:06:56.798;;;;
2020-01-25T06:07:02.978;25-01-2020 06:07:03.386;;;;
2020-01-25T06:07:03.386;25-01-2020 06:07:03.386;;;;
2020-01-25T06:09:51.044;25-01-2020 06:10:53.086;;;;
2020-01-25T06:10:53.086;25-01-2020 06:10:53.087;;;;
2020-01-25T06:13:04.100;25-01-2020 06:13:04.392;;;;
2020-01-25T06:13:04.392;25-01-2020 06:13:04.392;;;;
2020-01-25T06:07:13.730;25-01-2020 06:13:31.027;;;;
2020-01-25T06:13:31.027;25-01-2020 06:13:31.027;;;;
2020-01-25T06:07:18.260;25-01-2020 06:16:39.771;;;;
2020-01-25T06:16:39.771;25-01-2020 06:16:39.771;;;;
2020-01-25T06:07:30.876;25-01-2020 06:19:33.307;;;;
2020-01-25T06:19:33.307;25-01-2020 06:19:33.307;;;;
2020-01-25T06:07:38.346;25-01-2020 06:22:26.475;;;;
2020-01-25T06:22:26.475;25-01-2020 06:22:26.475;;;;
2020-01-25T06:28:03.136;25-01-2020 06:28:03.705;;;;
2020-01-25T06:28:03.705;25-01-2020 06:28:03.709;;;;
2020-01-25T06:22:57.887;25-01-2020 06:30:11.938;;;;
2020-01-25T06:30:11.937;25-01-2020 06:30:11.938;;;;
2020-01-25T06:24:06.917;25-01-2020 06:37:44.272;;;;
2020-01-25T06:37:44.272;25-01-2020 06:37:44.272;;;;
2020-01-25T06:24:14.874;25-01-2020 06:42:21.930;;;;
2020-01-25T06:42:21.930;25-01-2020 06:42:21.930;;;;
2020-01-25T06:24:15.134;25-01-2020 06:47:01.382;;;;
2020-01-25T06:47:01.382;25-01-2020 06:47:01.382;;;;
2020-01-25T06:24:22.994;25-01-2020 06:51:44.897;;;;
2020-01-25T06:51:44.897;25-01-2020 06:51:44.898;;;;
2020-01-25T06:53:25.146;25-01-2020 06:53:25.533;;;;
2020-01-25T06:53:25.533;25-01-2020 06:53:25.533;;;;
2020-01-25T06:55:20.429;25-01-2020 06:55:20.429;;;;
2020-01-25T06:55:20.429;25-01-2020 06:55:20.429;;;;
2020-01-25T06:24:25.357;25-01-2020 06:56:34.514;;;;
2020-01-25T06:56:34.514;25-01-2020 06:56:34.514;;;;
2020-01-25T06:24:25.582;25-01-2020 07:01:22.483;;;;
2020-01-25T07:01:22.483;25-01-2020 07:01:22.483;;;;
2020-01-25T07:02:04.463;25-01-2020 07:02:05.339;;;;
2020-01-25T07:02:05.339;25-01-2020 07:02:05.339;;;;
2020-01-25T06:25:16.996;25-01-2020 07:06:13.666;;;;
2020-01-25T07:06:13.666;25-01-2020 07:06:13.666;;;;
2020-01-25T06:25:22.531;25-01-2020 07:06:19.004;;;;
2020-01-25T07:06:19.004;25-01-2020 07:06:19.004;;;;
2020-01-25T06:26:17.040;25-01-2020 07:06:19.103;;;;
2020-01-25T07:06:19.103;25-01-2020 07:06:19.103;;;;
2020-01-25T06:25:22.300;25-01-2020 07:06:19.106;;;;
2020-01-25T07:06:19.106;25-01-2020 07:06:19.106;;;;
2020-01-25T06:25:30.082;25-01-2020 07:06:19.118;;;;
2020-01-25T07:06:19.118;25-01-2020 07:06:19.118;;;;
2020-01-25T06:25:31.330;25-01-2020 07:06:19.156;;;;
2020-01-25T07:06:19.156;25-01-2020 07:06:19.156;;;;
2020-01-25T06:25:23.033;25-01-2020 07:06:19.167;;;;
2020-01-25T07:06:19.167;25-01-2020 07:06:19.167;;;;
2020-01-25T06:26:22.339;25-01-2020 07:06:19.172;;;;
2020-01-25T07:06:19.172;25-01-2020 07:06:19.172;;;;
2020-01-25T07:05:18.975;25-01-2020 07:06:20.843;;;;
2020-01-25T07:06:20.843;25-01-2020 07:06:20.843;;;;
2020-01-25T06:08:13.762;25-01-2020 07:09:17.758;;;;
2020-01-25T07:09:17.757;25-01-2020 07:09:17.758;;;;
2020-01-25T06:53:39.638;25-01-2020 07:09:17.760;;;;
2020-01-25T07:09:17.760;25-01-2020 07:09:17.760;;;;
2020-01-25T06:54:45.357;25-01-2020 07:09:17.767;;;;
2020-01-25T07:09:17.767;25-01-2020 07:09:17.767;;;;
2020-01-25T07:12:06.194;25-01-2020 07:12:06.734;;;;
2020-01-25T07:12:06.734;25-01-2020 07:12:06.734;;;;
2020-01-25T06:09:40.894;25-01-2020 07:12:14.975;;;;
2020-01-25T07:12:14.975;25-01-2020 07:12:14.976;;;;
2020-01-25T06:13:05.559;25-01-2020 07:15:20.497;;;;
2020-01-25T07:15:20.496;25-01-2020 07:15:20.497;;;;
2020-01-25T06:13:17.555;25-01-2020 07:22:05.915;;;;
2020-01-25T07:22:05.915;25-01-2020 07:22:05.915;;;;
2020-01-25T06:13:17.893;25-01-2020 07:22:18.596;;;;
2020-01-25T07:22:18.596;25-01-2020 07:22:18.596;;;;
2020-01-25T06:14:05.593;25-01-2020 07:22:30.579;;;;
2020-01-25T07:22:30.579;25-01-2020 07:22:30.579;;;;
2020-01-25T06:14:15.025;25-01-2020 07:22:42.748;;;;
2020-01-25T07:22:42.748;25-01-2020 07:22:42.749;;;;
2020-01-25T06:14:16.556;25-01-2020 07:22:54.758;;;;
2020-01-25T07:22:54.757;25-01-2020 07:22:54.758;;;;
2020-01-25T06:14:16.784;25-01-2020 07:23:06.547;;;;
2020-01-25T07:23:06.547;25-01-2020 07:23:06.547;;;;
2020-01-25T06:14:17.588;25-01-2020 07:23:17.975;;;;
2020-01-25T07:23:17.975;25-01-2020 07:23:17.975;;;;
2020-01-25T06:14:17.924;25-01-2020 07:23:29.671;;;;
2020-01-25T07:23:29.671;25-01-2020 07:23:29.671;;;;
2020-01-25T06:15:05.624;25-01-2020 07:23:43.345;;;;
2020-01-25T07:23:43.345;25-01-2020 07:23:43.345;;;;
2020-01-25T06:15:56.118;25-01-2020 07:24:12.373;;;;
2020-01-25T07:24:12.373;25-01-2020 07:24:12.374;;;;
2020-01-25T06:16:02.608;25-01-2020 07:24:16.036;;;;
2020-01-25T07:24:16.036;25-01-2020 07:24:16.036;;;;
2020-01-25T06:16:03.282;25-01-2020 07:24:19.812;;;;
2020-01-25T07:24:19.812;25-01-2020 07:24:19.812;;;;
2020-01-25T06:16:03.516;25-01-2020 07:24:23.286;;;;
2020-01-25T07:24:23.286;25-01-2020 07:24:23.286;;;;
2020-01-25T06:16:03.698;25-01-2020 07:24:27.045;;;;
2020-01-25T07:24:27.045;25-01-2020 07:24:27.045;;;;
2020-01-25T06:16:03.900;25-01-2020 07:24:30.675;;;;
2020-01-25T07:24:30.675;25-01-2020 07:24:30.676;;;;
2020-01-25T06:16:56.150;25-01-2020 07:24:34.311;;;;
2020-01-25T07:24:34.311;25-01-2020 07:24:34.311;;;;
2020-01-25T06:17:02.654;25-01-2020 07:24:37.751;;;;
2020-01-25T07:24:37.751;25-01-2020 07:24:37.751;;;;
2020-01-25T06:17:03.381;25-01-2020 07:24:41.376;;;;
2020-01-25T07:24:41.376;25-01-2020 07:24:41.376;;;;
2020-01-25T06:17:03.548;25-01-2020 07:24:45.121;;;;
2020-01-25T07:24:45.121;25-01-2020 07:24:45.121;;;;
2020-01-25T06:17:03.731;25-01-2020 07:24:49.187;;;;
2020-01-25T07:24:49.187;25-01-2020 07:24:49.187;;;;
2020-01-25T06:17:03.936;25-01-2020 07:24:52.695;;;;
2020-01-25T07:24:52.695;25-01-2020 07:24:52.695;;;;
2020-01-25T06:18:20.355;25-01-2020 07:24:56.085;;;;
2020-01-25T07:24:56.085;25-01-2020 07:24:56.085;;;;
2020-01-25T06:18:26.489;25-01-2020 07:25:00.000;;;;
2020-01-25T07:25;25-01-2020 07:25:00.000;;;;
2020-01-25T06:18:26.661;25-01-2020 07:25:03.511;;;;
2020-01-25T07:25:03.510;25-01-2020 07:25:03.511;;;;
2020-01-25T06:18:42.838;25-01-2020 07:25:15.239;;;;
2020-01-25T07:25:15.239;25-01-2020 07:25:15.239;;;;
2020-01-25T06:26:52.459;25-01-2020 07:25:18.839;;;;
2020-01-25T07:25:18.839;25-01-2020 07:25:18.839;;;;
2020-01-25T06:30:04.517;25-01-2020 07:25:22.510;;;;
2020-01-25T07:25:22.510;25-01-2020 07:25:22.510;;;;
2020-01-25T06:30:44.965;25-01-2020 07:25:26.170;;;;
2020-01-25T07:25:26.170;25-01-2020 07:25:26.170;;;;
2020-01-25T06:31:11.899;25-01-2020 07:25:30.032;;;;
2020-01-25T07:25:30.032;25-01-2020 07:25:30.032;;;;
2020-01-25T06:31:29.603;25-01-2020 07:25:33.885;;;;
2020-01-25T07:25:33.885;25-01-2020 07:25:33.886;;;;
2020-01-25T06:32:48.212;25-01-2020 07:25:37.482;;;;
2020-01-25T07:25:37.482;25-01-2020 07:25:37.482;;;;
2020-01-25T06:38:21.384;25-01-2020 07:25:40.912;;;;
2020-01-25T07:25:40.912;25-01-2020 07:25:40.912;;;;
2020-01-25T06:38:34.756;25-01-2020 07:25:44.628;;;;
2020-01-25T07:25:44.628;25-01-2020 07:25:44.628;;;;
2020-01-25T06:38:53.902;25-01-2020 07:25:48.174;;;;
2020-01-25T07:25:48.174;25-01-2020 07:25:48.174;;;;
2020-01-25T06:40:53.234;25-01-2020 07:25:51.755;;;;
2020-01-25T07:25:51.755;25-01-2020 07:25:51.755;;;;
2020-01-25T06:40:53.513;25-01-2020 07:25:55.250;;;;
2020-01-25T07:25:55.250;25-01-2020 07:25:55.250;;;;
2020-01-25T06:40:53.752;25-01-2020 07:25:58.781;;;;
2020-01-25T07:25:58.781;25-01-2020 07:25:58.781;;;;
2020-01-25T06:45:05.789;25-01-2020 07:26:02.138;;;;
2020-01-25T07:26:02.137;25-01-2020 07:26:02.138;;;;
2020-01-25T06:52:31.756;25-01-2020 07:26:09.179;;;;
2020-01-25T07:26:09.178;25-01-2020 07:26:09.179;;;;
2020-01-25T06:55:18.188;25-01-2020 07:26:12.641;;;;
2020-01-25T07:26:12.640;25-01-2020 07:26:12.641;;;;
2020-01-25T06:55:20.437;25-01-2020 07:26:16.552;;;;
2020-01-25T07:26:16.552;25-01-2020 07:26:16.552;;;;
2020-01-25T07:01:09.458;25-01-2020 07:26:23.589;;;;
2020-01-25T07:26:23.589;25-01-2020 07:26:23.589;;;;
2020-01-25T07:04:13.075;25-01-2020 07:26:26.980;;;;
2020-01-25T07:26:26.980;25-01-2020 07:26:26.980;;;;
2020-01-25T07:04:21.786;25-01-2020 07:26:30.492;;;;
2020-01-25T07:26:30.492;25-01-2020 07:26:30.493;;;;
2020-01-25T07:04:26.279;25-01-2020 07:26:34.212;;;;
2020-01-25T07:26:34.212;25-01-2020 07:26:34.212;;;;
2020-01-25T07:04:32.430;25-01-2020 07:26:37.886;;;;
2020-01-25T07:26:37.886;25-01-2020 07:26:37.887;;;;
2020-01-25T07:05:49.180;25-01-2020 07:26:41.736;;;;
2020-01-25T07:26:41.736;25-01-2020 07:26:41.737;;;;
2020-01-25T07:05:50.046;25-01-2020 07:26:45.314;;;;
2020-01-25T07:26:45.314;25-01-2020 07:26:45.314;;;;
2020-01-25T07:05:50.350;25-01-2020 07:26:48.953;;;;
2020-01-25T07:26:48.953;25-01-2020 07:26:48.953;;;;
2020-01-25T07:07:03.799;25-01-2020 07:26:52.727;;;;
2020-01-25T07:26:52.726;25-01-2020 07:26:52.727;;;;
2020-01-25T07:07:05.765;25-01-2020 07:26:56.897;;;;
2020-01-25T07:26:56.897;25-01-2020 07:26:56.898;;;;
2020-01-25T07:07:06.011;25-01-2020 07:27:00.423;;;;
2020-01-25T07:27:00.423;25-01-2020 07:27:00.424;;;;
2020-01-25T07:27:02.828;25-01-2020 07:27:03.854;;;;
2020-01-25T07:27:03.854;25-01-2020 07:27:03.854;;;;
2020-01-25T07:07:06.246;25-01-2020 07:27:04.017;;;;
2020-01-25T07:27:04.017;25-01-2020 07:27:04.017;;;;
2020-01-25T07:07:06.456;25-01-2020 07:27:07.565;;;;
2020-01-25T07:27:07.565;25-01-2020 07:27:07.565;;;;
2020-01-25T07:08:55.025;25-01-2020 07:27:11.332;;;;
2020-01-25T07:27:11.332;25-01-2020 07:27:11.332;;;;
2020-01-25T07:09:05.053;25-01-2020 07:27:14.980;;;;
2020-01-25T07:27:14.980;25-01-2020 07:27:14.980;;;;
2020-01-25T07:09:06.133;25-01-2020 07:27:18.668;;;;
2020-01-25T07:27:18.668;25-01-2020 07:27:18.669;;;;
2020-01-25T07:09:06.375;25-01-2020 07:27:22.368;;;;
2020-01-25T07:27:22.368;25-01-2020 07:27:22.368;;;;
2020-01-25T07:09:51.976;25-01-2020 07:27:25.868;;;;
2020-01-25T07:27:25.868;25-01-2020 07:27:25.868;;;;
2020-01-25T07:10:34.112;25-01-2020 07:27:29.440;;;;
2020-01-25T07:27:29.440;25-01-2020 07:27:29.440;;;;
2020-01-25T07:10:34.352;25-01-2020 07:27:33.359;;;;
2020-01-25T07:27:33.359;25-01-2020 07:27:33.359;;;;
2020-01-25T07:10:56.028;25-01-2020 07:27:37.234;;;;
2020-01-25T07:27:37.234;25-01-2020 07:27:37.234;;;;
2020-01-25T07:11:51.406;25-01-2020 07:27:40.743;;;;
2020-01-25T07:27:40.743;25-01-2020 07:27:40.743;;;;
2020-01-25T07:11:54.022;25-01-2020 07:27:44.256;;;;
2020-01-25T07:27:44.256;25-01-2020 07:27:44.256;;;;
2020-01-25T07:11:54.258;25-01-2020 07:27:47.965;;;;
2020-01-25T07:27:47.965;25-01-2020 07:27:47.966;;;;
2020-01-25T07:12:23.736;25-01-2020 07:27:51.437;;;;
2020-01-25T07:27:51.437;25-01-2020 07:27:51.437;;;;
2020-01-25T07:33:04.917;25-01-2020 07:33:05.105;;;;
2020-01-25T07:33:05.105;25-01-2020 07:33:05.105;;;;
2020-01-25T07:48:03.803;25-01-2020 07:48:05.212;;;;
2020-01-25T07:48:05.212;25-01-2020 07:48:05.212;;;;
2020-01-25T07:48:05.621;25-01-2020 07:48:06.947;;;;
2020-01-25T07:48:06.947;25-01-2020 07:48:06.948;;;;
2020-01-25T07:50:25.480;25-01-2020 07:50:26.817;;;;
2020-01-25T07:50:26.817;25-01-2020 07:50:26.817;;;;
2020-01-25T07:58:04.464;25-01-2020 07:58:05.150;;;;
2020-01-25T07:58:05.150;25-01-2020 07:58:05.150;;;;
2020-01-25T07:58:05.472;25-01-2020 07:58:05.846;;;;
2020-01-25T07:58:05.846;25-01-2020 07:58:05.846;;;;
2020-01-25T08:03:04.993;25-01-2020 08:03:05.407;;;;
2020-01-25T08:03:05.407;25-01-2020 08:03:05.407;;;;
2020-01-25T08:03:08.311;25-01-2020 08:03:10.924;;;;
2020-01-25T08:03:10.924;25-01-2020 08:03:10.924;;;;
2020-01-25T08:18:08.325;25-01-2020 08:18:10.086;;;;
2020-01-25T08:18:10.086;25-01-2020 08:18:10.086;;;;
2020-01-25T08:23:08.842;25-01-2020 08:23:09.783;;;;
2020-01-25T08:23:09.782;25-01-2020 08:23:09.783;;;;
2020-01-25T08:23:10.461;25-01-2020 08:23:10.695;;;;
2020-01-25T08:23:10.694;25-01-2020 08:23:10.695;;;;
2020-01-25T08:23:10.763;25-01-2020 08:23:10.820;;;;
2020-01-25T08:23:10.820;25-01-2020 08:23:10.820;;;;
2020-01-25T08:28:07.158;25-01-2020 08:28:08.101;;;;
2020-01-25T08:28:08.101;25-01-2020 08:28:08.102;;;;
2020-01-25T08:28:12.301;25-01-2020 08:28:12.862;;;;
2020-01-25T08:28:12.862;25-01-2020 08:28:12.862;;;;
2020-01-25T08:28:40.161;25-01-2020 08:28:40.177;;;;
2020-01-25T08:28:40.177;25-01-2020 08:28:40.177;;;;
2020-01-25T08:30:24.330;25-01-2020 08:30:24.354;;;;
2020-01-25T08:30:24.354;25-01-2020 08:30:24.354;;;;
2020-01-25T08:30:58.940;25-01-2020 08:30:58.955;;;;
2020-01-25T08:30:58.955;25-01-2020 08:30:58.955;;;;
2020-01-25T08:33:05.064;25-01-2020 08:33:05.450;;;;
2020-01-25T08:33:05.450;25-01-2020 08:33:05.450;;;;
2020-01-25T08:33:06.142;25-01-2020 08:33:07.015;;;;
2020-01-25T08:33:07.015;25-01-2020 08:33:07.015;;;;
2020-01-25T08:33:07.548;25-01-2020 08:33:07.885;;;;
2020-01-25T08:33:07.885;25-01-2020 08:33:07.885;;;;
2020-01-25T08:38:07.461;25-01-2020 08:38:09.102;;;;
2020-01-25T08:38:09.102;25-01-2020 08:38:09.102;;;;
2020-01-25T08:38:09.320;25-01-2020 08:38:10.425;;;;
2020-01-25T08:38:10.425;25-01-2020 08:38:10.425;;;;
2020-01-25T08:43:15.303;25-01-2020 08:43:15.459;;;;
2020-01-25T08:43:15.459;25-01-2020 08:43:15.459;;;;
2020-01-25T08:49:02.633;25-01-2020 08:49:03.164;;;;
2020-01-25T08:49:03.164;25-01-2020 08:49:03.164;;;;
2020-01-25T08:49:03.426;25-01-2020 08:49:04.190;;;;
2020-01-25T08:49:04.190;25-01-2020 08:49:04.190;;;;
2020-01-25T08:49:04.337;25-01-2020 08:49:04.633;;;;
2020-01-25T08:49:04.632;25-01-2020 08:49:04.633;;;;
2020-01-25T08:49:04.875;25-01-2020 08:49:05.341;;;;
2020-01-25T08:49:05.341;25-01-2020 08:49:05.341;;;;
2020-01-25T08:49:06.083;25-01-2020 08:49:07.602;;;;
2020-01-25T08:49:07.602;25-01-2020 08:49:07.602;;;;
2020-01-25T08:49:07.832;25-01-2020 08:49:08.307;;;;
2020-01-25T08:49:08.307;25-01-2020 08:49:08.307;;;;
2020-01-25T08:53:11.989;25-01-2020 08:53:12.416;;;;
2020-01-25T08:53:12.416;25-01-2020 08:53:12.416;;;;
2020-01-25T08:58:08.333;25-01-2020 08:58:08.834;;;;
2020-01-25T08:58:08.833;25-01-2020 08:58:08.834;;;;
2020-01-25T09:02:57.027;25-01-2020 09:02:57.617;;;;
2020-01-25T09:02:57.617;25-01-2020 09:02:57.617;;;;
2020-01-25T09:08:05.923;25-01-2020 09:08:06.491;;;;
2020-01-25T09:08:06.491;25-01-2020 09:08:06.492;;;;
2020-01-25T09:08:06.723;25-01-2020 09:08:07.780;;;;
2020-01-25T09:08:07.780;25-01-2020 09:08:07.780;;;;
2020-01-25T09:13:18.669;25-01-2020 09:13:19.263;;;;
2020-01-25T09:13:19.263;25-01-2020 09:13:19.263;;;;
2020-01-25T09:18:15.145;25-01-2020 09:18:16.090;;;;
2020-01-25T09:18:16.090;25-01-2020 09:18:16.091;;;;
2020-01-25T09:23:15.829;25-01-2020 09:23:16.246;;;;
2020-01-25T09:23:16.246;25-01-2020 09:23:16.246;;;;
2020-01-25T09:23:16.566;25-01-2020 09:23:16.900;;;;
2020-01-25T09:23:16.900;25-01-2020 09:23:16.900;;;;
2020-01-25T09:28:21.488;25-01-2020 09:28:22.062;;;;
2020-01-25T09:28:22.062;25-01-2020 09:28:22.062;;;;
2020-01-25T09:28:22.898;25-01-2020 09:28:23.047;;;;
2020-01-25T09:28:23.047;25-01-2020 09:28:23.063;;;;
2020-01-25T09:34:09.041;25-01-2020 09:34:09.224;;;;
2020-01-25T09:34:09.224;25-01-2020 09:34:09.224;;;;
2020-01-25T09:34:11.502;25-01-2020 09:34:12.132;;;;
2020-01-25T09:34:12.132;25-01-2020 09:34:12.132;;;;
2020-01-25T09:34:12.306;25-01-2020 09:34:12.535;;;;
2020-01-25T09:34:12.535;25-01-2020 09:34:12.535;;;;
2020-01-25T09:34:12.710;25-01-2020 09:34:13.280;;;;
2020-01-25T09:34:13.280;25-01-2020 09:34:13.280;;;;
2020-01-25T09:34:14.179;25-01-2020 09:34:14.383;;;;
2020-01-25T09:34:14.383;25-01-2020 09:34:14.383;;;;
2020-01-25T09:38:16.485;25-01-2020 09:38:17.164;;;;
2020-01-25T09:38:17.164;25-01-2020 09:38:17.164;;;;
2020-01-25T09:38:19.175;25-01-2020 09:38:19.799;;;;
2020-01-25T09:38:19.799;25-01-2020 09:38:19.799;;;;
2020-01-25T09:43:09.864;25-01-2020 09:43:10.344;;;;
2020-01-25T09:43:10.344;25-01-2020 09:43:10.344;;;;
2020-01-25T09:43:14.039;25-01-2020 09:43:14.229;;;;
2020-01-25T09:43:14.229;25-01-2020 09:43:14.229;;;;
2020-01-25T09:43:16.426;25-01-2020 09:43:16.656;;;;
2020-01-25T09:43:16.656;25-01-2020 09:43:16.656;;;;
2020-01-25T09:43:24.125;25-01-2020 09:43:25.541;;;;
2020-01-25T09:43:25.540;25-01-2020 09:43:25.541;;;;
2020-01-25T09:43:27.580;25-01-2020 09:43:29.830;;;;
2020-01-25T09:43:29.830;25-01-2020 09:43:29.830;;;;
2020-01-25T09:43:31.369;25-01-2020 09:43:31.645;;;;
2020-01-25T09:43:31.645;25-01-2020 09:43:31.645;;;;
2020-01-25T09:48:12.775;25-01-2020 09:48:13.673;;;;
2020-01-25T09:48:13.673;25-01-2020 09:48:13.673;;;;
2020-01-25T09:48:15.383;25-01-2020 09:48:16.967;;;;
2020-01-25T09:48:16.967;25-01-2020 09:48:16.967;;;;
2020-01-25T09:48:18.200;25-01-2020 09:48:18.580;;;;
2020-01-25T09:48:18.580;25-01-2020 09:48:18.580;;;;
2020-01-25T09:58:09.531;25-01-2020 09:58:10.766;;;;
2020-01-25T09:58:10.766;25-01-2020 09:58:10.767;;;;
2020-01-25T09:58:12.812;25-01-2020 09:58:13.340;;;;
2020-01-25T09:58:13.340;25-01-2020 09:58:13.341;;;;
2020-01-25T09:58:20.903;25-01-2020 09:58:21.403;;;;
2020-01-25T09:58:21.403;25-01-2020 09:58:21.403;;;;
2020-01-25T09:58:21.578;25-01-2020 09:58:21.859;;;;
2020-01-25T09:58:21.859;25-01-2020 09:58:21.859;;;;
2020-01-25T09:58:25.445;25-01-2020 09:58:26.476;;;;
2020-01-25T09:58:26.476;25-01-2020 09:58:26.476;;;;
2020-01-25T09:58:29.810;25-01-2020 09:58:30.284;;;;
2020-01-25T09:58:30.284;25-01-2020 09:58:30.284;;;;
2020-01-25T10:03:06.302;25-01-2020 10:03:06.916;;;;
2020-01-25T10:03:06.916;25-01-2020 10:03:06.916;;;;
2020-01-25T10:03:07.225;25-01-2020 10:03:07.984;;;;
2020-01-25T10:03:07.984;25-01-2020 10:03:07.984;;;;
2020-01-25T10:08:16.077;25-01-2020 10:08:16.436;;;;
2020-01-25T10:08:16.436;25-01-2020 10:08:16.436;;;;
2020-01-25T10:12:06.069;25-01-2020 10:12:08.539;;;;
2020-01-25T10:12:08.539;25-01-2020 10:12:08.539;;;;
2020-01-25T10:13:04.113;25-01-2020 10:13:04.684;;;;
2020-01-25T10:13:04.684;25-01-2020 10:13:04.684;;;;
2020-01-25T10:13:07.523;25-01-2020 10:13:08.146;;;;
2020-01-25T10:13:08.146;25-01-2020 10:13:08.146;;;;
2020-01-25T10:18:14.355;25-01-2020 10:18:15.821;;;;
2020-01-25T10:18:15.821;25-01-2020 10:18:15.821;;;;
2020-01-25T10:18:15.916;25-01-2020 10:18:16.147;;;;
2020-01-25T10:18:16.147;25-01-2020 10:18:16.147;;;;
2020-01-25T10:18:17.130;25-01-2020 10:18:17.249;;;;
2020-01-25T10:18:17.249;25-01-2020 10:18:17.249;;;;
2020-01-25T10:18:17.615;25-01-2020 10:18:18.161;;;;
2020-01-25T10:18:18.161;25-01-2020 10:18:18.161;;;;
2020-01-25T10:18:18.480;25-01-2020 10:18:19.457;;;;
2020-01-25T10:18:19.457;25-01-2020 10:18:19.457;;;;
2020-01-25T10:22:28.114;25-01-2020 10:22:28.730;;;;
2020-01-25T10:22:28.730;25-01-2020 10:22:28.730;;;;
2020-01-25T10:28:15.532;25-01-2020 10:28:16.317;;;;
2020-01-25T10:28:16.317;25-01-2020 10:28:16.317;;;;
2020-01-25T10:28:20.031;25-01-2020 10:28:20.819;;;;
2020-01-25T10:28:20.819;25-01-2020 10:28:20.819;;;;
2020-01-25T10:28:32.911;25-01-2020 10:28:34.314;;;;
2020-01-25T10:28:34.314;25-01-2020 10:28:34.314;;;;
2020-01-25T10:33:30.197;25-01-2020 10:33:30.495;;;;
2020-01-25T10:33:30.495;25-01-2020 10:33:30.495;;;;
2020-01-25T10:33:30.935;25-01-2020 10:33:32.407;;;;
2020-01-25T10:33:32.406;25-01-2020 10:33:32.407;;;;
2020-01-25T10:33:32.504;25-01-2020 10:33:32.677;;;;
2020-01-25T10:33:32.677;25-01-2020 10:33:32.677;;;;
2020-01-25T10:33:35.615;25-01-2020 10:33:37.274;;;;
2020-01-25T10:33:37.274;25-01-2020 10:33:37.274;;;;
2020-01-25T10:38:16.349;25-01-2020 10:38:18.185;;;;
2020-01-25T10:38:18.185;25-01-2020 10:38:18.185;;;;
2020-01-25T10:42:20.449;25-01-2020 10:42:20.891;;;;
2020-01-25T10:42:20.891;25-01-2020 10:42:20.891;;;;
2020-01-25T10:42:21.353;25-01-2020 10:42:21.586;;;;
2020-01-25T10:42:21.586;25-01-2020 10:42:21.586;;;;
2020-01-25T10:53:15.091;25-01-2020 10:53:15.229;;;;
2020-01-25T10:53:15.229;25-01-2020 10:53:15.229;;;;
2020-01-25T10:58:09.174;25-01-2020 10:58:09.763;;;;
2020-01-25T10:58:09.763;25-01-2020 10:58:09.764;;;;
2020-01-25T10:58:11.287;25-01-2020 10:58:11.792;;;;
2020-01-25T10:58:11.792;25-01-2020 10:58:11.792;;;;
2020-01-25T11:03:03.102;25-01-2020 11:03:03.708;;;;
2020-01-25T11:03:03.708;25-01-2020 11:03:03.708;;;;
2020-01-25T11:08:14.373;25-01-2020 11:08:14.806;;;;
2020-01-25T11:08:14.806;25-01-2020 11:08:14.806;;;;
2020-01-25T11:13:06.461;25-01-2020 11:13:08.760;;;;
2020-01-25T11:13:08.760;25-01-2020 11:13:08.760;;;;
2020-01-25T11:13:08.976;25-01-2020 11:13:09.392;;;;
2020-01-25T11:13:09.392;25-01-2020 11:13:09.392;;;;
2020-01-25T11:13:09.902;25-01-2020 11:13:10.069;;;;
2020-01-25T11:13:10.069;25-01-2020 11:13:10.069;;;;
2020-01-25T11:13:15.088;25-01-2020 11:13:45.224;;;;
2020-01-25T11:13:45.224;25-01-2020 11:13:45.224;;;;
2020-01-25T11:13:10.781;25-01-2020 11:13:45.277;;;;
2020-01-25T11:13:45.277;25-01-2020 11:13:45.277;;;;
2020-01-25T11:13:45.396;25-01-2020 11:13:45.402;;;;
2020-01-25T11:13:45.396;25-01-2020 11:13:45.402;;;;
2020-01-25T11:13:45.402;25-01-2020 11:13:45.402;;;;
2020-01-25T11:13:45.402;25-01-2020 11:13:45.402;;;;
2020-01-25T11:13:45.445;25-01-2020 11:13:45.450;;;;
2020-01-25T11:13:45.450;25-01-2020 11:13:45.450;;;;
2020-01-25T11:13:05.309;25-01-2020 11:13:49.046;;;;
2020-01-25T11:13:49.046;25-01-2020 11:13:49.046;;;;
2020-01-25T11:14:18.489;25-01-2020 11:14:18.636;;;;
2020-01-25T11:14:18.636;25-01-2020 11:14:18.637;;;;
2020-01-25T11:14:28.631;25-01-2020 11:14:28.684;;;;
2020-01-25T11:14:28.684;25-01-2020 11:14:28.684;;;;
2020-01-25T11:15:06.967;25-01-2020 11:16:49.700;;;;
2020-01-25T11:16:49.700;25-01-2020 11:16:49.701;;;;
2020-01-25T11:15:14.621;25-01-2020 11:16:58.252;;;;
2020-01-25T11:16:58.252;25-01-2020 11:16:58.252;;;;
2020-01-25T11:15:39.721;25-01-2020 11:17:06.706;;;;
2020-01-25T11:17:06.706;25-01-2020 11:17:06.706;;;;
2020-01-25T11:15:42.670;25-01-2020 11:17:17.395;;;;
2020-01-25T11:17:17.395;25-01-2020 11:17:17.395;;;;
2020-01-25T11:15:42.902;25-01-2020 11:17:27.501;;;;
2020-01-25T11:17:27.501;25-01-2020 11:17:27.501;;;;
2020-01-25T11:16:32.374;25-01-2020 11:17:35.853;;;;
2020-01-25T11:17:35.853;25-01-2020 11:17:35.853;;;;
2020-01-25T11:16:51.272;25-01-2020 11:17:44.349;;;;
2020-01-25T11:17:44.349;25-01-2020 11:17:44.349;;;;
2020-01-25T11:16:55.350;25-01-2020 11:17:51.470;;;;
2020-01-25T11:17:51.470;25-01-2020 11:17:51.487;;;;
2020-01-25T11:17:35.748;25-01-2020 11:19:46.102;;;;
2020-01-25T11:19:46.102;25-01-2020 11:19:46.102;;;;
2020-01-25T11:18:34.012;25-01-2020 11:19:46.127;;;;
2020-01-25T11:19:46.127;25-01-2020 11:19:46.127;;;;
2020-01-25T11:19:42.913;25-01-2020 11:19:46.145;;;;
2020-01-25T11:19:46.145;25-01-2020 11:19:46.146;;;;
2020-01-25T11:17:25.412;25-01-2020 11:19:54.159;;;;
2020-01-25T11:19:54.159;25-01-2020 11:19:54.159;;;;
2020-01-25T11:21:39.489;25-01-2020 11:21:39.494;;;;
2020-01-25T11:21:39.494;25-01-2020 11:21:39.495;;;;
2020-01-25T11:21:45.738;25-01-2020 11:21:45.748;;;;
2020-01-25T11:21:45.748;25-01-2020 11:21:45.748;;;;
2020-01-25T11:21:50.356;25-01-2020 11:21:50.361;;;;
2020-01-25T11:21:50.361;25-01-2020 11:21:50.361;;;;
2020-01-25T11:23:03.459;25-01-2020 11:23:03.495;;;;
2020-01-25T11:23:03.495;25-01-2020 11:23:03.495;;;;
2020-01-25T11:23:08.326;25-01-2020 11:23:08.638;;;;
2020-01-25T11:23:08.638;25-01-2020 11:23:08.638;;;;
2020-01-25T11:23:10.550;25-01-2020 11:23:10.790;;;;
2020-01-25T11:23:10.790;25-01-2020 11:23:10.790;;;;
2020-01-25T11:23:43.596;25-01-2020 11:23:43.656;;;;
2020-01-25T11:23:43.655;25-01-2020 11:23:43.656;;;;
2020-01-25T11:26:03.076;25-01-2020 11:26:03.095;;;;
2020-01-25T11:26:03.094;25-01-2020 11:26:03.095;;;;
2020-01-25T11:26:13.091;25-01-2020 11:26:13.104;;;;
2020-01-25T11:26:13.104;25-01-2020 11:26:13.104;;;;
2020-01-25T11:26:19.317;25-01-2020 11:26:19.333;;;;
2020-01-25T11:26:19.333;25-01-2020 11:26:19.334;;;;
2020-01-25T11:26:49.425;25-01-2020 11:26:49.440;;;;
2020-01-25T11:26:49.439;25-01-2020 11:26:49.440;;;;
2020-01-25T11:26:54.055;25-01-2020 11:26:54.063;;;;
2020-01-25T11:26:54.063;25-01-2020 11:26:54.063;;;;
2020-01-25T11:27:06.928;25-01-2020 11:27:06.937;;;;
2020-01-25T11:27:06.937;25-01-2020 11:27:06.937;;;;
2020-01-25T11:27:12.936;25-01-2020 11:27:12.959;;;;
2020-01-25T11:27:12.959;25-01-2020 11:27:12.959;;;;
2020-01-25T11:27:17.824;25-01-2020 11:27:17.834;;;;
2020-01-25T11:27:17.834;25-01-2020 11:27:17.834;;;;
2020-01-25T11:27:25.137;25-01-2020 11:27:25.160;;;;
2020-01-25T11:27:25.160;25-01-2020 11:27:25.160;;;;
2020-01-25T11:28:03.945;25-01-2020 11:28:03.994;;;;
2020-01-25T11:28:03.994;25-01-2020 11:28:03.994;;;;
2020-01-25T11:28:07.842;25-01-2020 11:28:07.878;;;;
2020-01-25T11:28:07.878;25-01-2020 11:28:07.878;;;;
2020-01-25T11:28:08.181;25-01-2020 11:28:09.903;;;;
2020-01-25T11:28:09.903;25-01-2020 11:28:09.903;;;;
2020-01-25T11:28:12.862;25-01-2020 11:28:12.887;;;;
2020-01-25T11:28:12.887;25-01-2020 11:28:12.887;;;;
2020-01-25T11:28:22.443;25-01-2020 11:28:22.452;;;;
2020-01-25T11:28:22.452;25-01-2020 11:28:22.452;;;;
2020-01-25T11:28:26.845;25-01-2020 11:28:28.665;;;;
2020-01-25T11:28:28.664;25-01-2020 11:28:28.665;;;;
2020-01-25T11:28:32.053;25-01-2020 11:28:32.074;;;;
2020-01-25T11:28:32.074;25-01-2020 11:28:32.074;;;;
2020-01-25T11:28:37.812;25-01-2020 11:28:37.822;;;;
2020-01-25T11:28:37.822;25-01-2020 11:28:37.822;;;;
2020-01-25T11:32:25.348;25-01-2020 11:32:25.357;;;;
2020-01-25T11:32:25.357;25-01-2020 11:32:25.358;;;;
2020-01-25T11:32:28.927;25-01-2020 11:32:28.940;;;;
2020-01-25T11:32:28.940;25-01-2020 11:32:28.940;;;;
2020-01-25T11:32:37.750;25-01-2020 11:32:37.775;;;;
2020-01-25T11:32:37.775;25-01-2020 11:32:37.775;;;;
2020-01-25T11:38:03.671;25-01-2020 11:38:04.211;;;;
2020-01-25T11:38:04.211;25-01-2020 11:38:04.211;;;;
2020-01-25T11:38:07.011;25-01-2020 11:38:07.522;;;;
2020-01-25T11:38:07.522;25-01-2020 11:38:07.522;;;;
2020-01-25T11:38:08.272;25-01-2020 11:38:08.953;;;;
2020-01-25T11:38:08.953;25-01-2020 11:38:08.953;;;;
2020-01-25T11:38:19.316;25-01-2020 11:38:19.613;;;;
2020-01-25T11:38:19.613;25-01-2020 11:38:19.613;;;;
2020-01-25T11:43:08.788;25-01-2020 11:43:10.009;;;;
2020-01-25T11:43:10.009;25-01-2020 11:43:10.009;;;;
2020-01-25T11:45:28.325;25-01-2020 11:45:28.336;;;;
2020-01-25T11:45:28.336;25-01-2020 11:45:28.336;;;;
2020-01-25T11:47:14.628;25-01-2020 11:47:15.547;;;;
2020-01-25T11:47:15.547;25-01-2020 11:47:15.547;;;;
2020-01-25T11:47:16.913;25-01-2020 11:47:18.812;;;;
2020-01-25T11:47:18.812;25-01-2020 11:47:18.812;;;;
2020-01-25T11:51:45.901;25-01-2020 11:51:45.916;;;;
2020-01-25T11:51:45.915;25-01-2020 11:51:45.916;;;;
2020-01-25T11:58:10.964;25-01-2020 11:58:12.632;;;;
2020-01-25T11:58:12.632;25-01-2020 11:58:12.632;;;;
2020-01-25T11:58:39.853;25-01-2020 11:58:39.866;;;;
2020-01-25T11:58:39.866;25-01-2020 11:58:39.866;;;;
2020-01-25T12:04:04.636;25-01-2020 12:04:05.079;;;;
2020-01-25T12:04:05.079;25-01-2020 12:04:05.080;;;;
2020-01-25T12:04:05.643;25-01-2020 12:04:05.855;;;;
2020-01-25T12:04:05.855;25-01-2020 12:04:05.855;;;;
2020-01-25T12:04:07.995;25-01-2020 12:04:08.518;;;;
2020-01-25T12:04:08.518;25-01-2020 12:04:08.518;;;;
2020-01-25T12:08:07.325;25-01-2020 12:08:08.339;;;;
2020-01-25T12:08:08.339;25-01-2020 12:08:08.339;;;;
2020-01-25T12:08:17.932;25-01-2020 12:08:18.501;;;;
2020-01-25T12:08:18.501;25-01-2020 12:08:18.501;;;;
2020-01-25T12:13:13.682;25-01-2020 12:13:16.639;;;;
2020-01-25T12:13:16.639;25-01-2020 12:13:16.639;;;;
2020-01-25T12:18:10.187;25-01-2020 12:18:10.197;;;;
2020-01-25T12:18:10.197;25-01-2020 12:18:10.197;;;;
2020-01-25T12:18:13.135;25-01-2020 12:18:13.348;;;;
2020-01-25T12:18:13.348;25-01-2020 12:18:13.348;;;;
2020-01-25T12:18:13.513;25-01-2020 12:18:14.171;;;;
2020-01-25T12:18:14.171;25-01-2020 12:18:14.171;;;;
2020-01-25T12:18:19.246;25-01-2020 12:18:19.963;;;;
2020-01-25T12:18:19.963;25-01-2020 12:18:19.963;;;;
2020-01-25T12:23:03.516;25-01-2020 12:23:03.624;;;;
2020-01-25T12:23:03.624;25-01-2020 12:23:03.624;;;;
2020-01-25T12:28:12.399;25-01-2020 12:28:13.102;;;;
2020-01-25T12:28:13.102;25-01-2020 12:28:13.102;;;;
2020-01-25T12:28:13.364;25-01-2020 12:28:15.659;;;;
2020-01-25T12:28:15.659;25-01-2020 12:28:15.659;;;;
2020-01-25T12:29:55.678;25-01-2020 12:29:55.687;;;;
2020-01-25T12:29:55.687;25-01-2020 12:29:55.687;;;;
2020-01-25T12:32:11.250;25-01-2020 12:32:11.514;;;;
2020-01-25T12:32:11.514;25-01-2020 12:32:11.514;;;;
2020-01-25T12:38:18.203;25-01-2020 12:38:18.275;;;;
2020-01-25T12:38:18.275;25-01-2020 12:38:18.275;;;;
2020-01-25T12:43:02.151;25-01-2020 12:43:02.951;;;;
2020-01-25T12:43:02.951;25-01-2020 12:43:02.952;;;;
2020-01-25T12:53:19.360;25-01-2020 12:53:19.805;;;;
2020-01-25T12:53:19.805;25-01-2020 12:53:19.805;;;;
2020-01-25T12:58:05.277;25-01-2020 12:58:05.903;;;;
2020-01-25T12:58:05.903;25-01-2020 12:58:05.904;;;;
2020-01-25T12:58:06.262;25-01-2020 12:58:07.284;;;;
2020-01-25T12:58:07.284;25-01-2020 12:58:07.284;;;;
2020-01-25T13:03:16.396;25-01-2020 13:03:17.090;;;;
2020-01-25T13:03:17.090;25-01-2020 13:03:17.090;;;;
2020-01-25T13:03:18.144;25-01-2020 13:03:18.358;;;;
2020-01-25T13:03:18.358;25-01-2020 13:03:18.358;;;;
2020-01-25T13:08:07.586;25-01-2020 13:08:07.865;;;;
2020-01-25T13:08:07.865;25-01-2020 13:08:07.866;;;;
2020-01-25T13:12:15.849;25-01-2020 13:12:16.261;;;;
2020-01-25T13:12:16.261;25-01-2020 13:12:16.262;;;;
2020-01-25T13:18:04.979;25-01-2020 13:18:05.655;;;;
2020-01-25T13:18:05.655;25-01-2020 13:18:05.655;;;;
2020-01-25T13:18:07.389;25-01-2020 13:18:08.197;;;;
2020-01-25T13:18:08.197;25-01-2020 13:18:08.197;;;;
2020-01-25T13:23:05.459;25-01-2020 13:23:06.219;;;;
2020-01-25T13:23:06.219;25-01-2020 13:23:06.219;;;;
2020-01-25T13:28:14.988;25-01-2020 13:28:20.305;;;;
2020-01-25T13:28:20.305;25-01-2020 13:28:20.305;;;;
2020-01-25T13:28:20.482;25-01-2020 13:28:21.003;;;;
2020-01-25T13:28:21.003;25-01-2020 13:28:21.003;;;;
2020-01-25T13:33:05.653;25-01-2020 13:33:06.449;;;;
2020-01-25T13:33:06.449;25-01-2020 13:33:06.449;;;;
2020-01-25T13:33:09.212;25-01-2020 13:33:09.394;;;;
2020-01-25T13:33:09.394;25-01-2020 13:33:09.394;;;;
2020-01-25T13:38:11.929;25-01-2020 13:38:12.795;;;;
2020-01-25T13:38:12.795;25-01-2020 13:38:12.795;;;;
2020-01-25T13:48:04.323;25-01-2020 13:48:04.548;;;;
2020-01-25T13:48:04.548;25-01-2020 13:48:04.548;;;;
2020-01-25T13:53:03.810;25-01-2020 13:53:06.266;;;;
2020-01-25T13:53:06.266;25-01-2020 13:53:06.266;;;;
2020-01-25T13:53:06.485;25-01-2020 13:53:07.070;;;;
2020-01-25T13:53:07.070;25-01-2020 13:53:07.071;;;;
2020-01-25T13:53:07.383;25-01-2020 13:53:08.507;;;;
2020-01-25T13:53:08.507;25-01-2020 13:53:08.507;;;;
2020-01-25T14:03:05.758;25-01-2020 14:03:05.990;;;;
2020-01-25T14:03:05.990;25-01-2020 14:03:05.990;;;;
2020-01-25T14:08:03.980;25-01-2020 14:08:06.018;;;;
2020-01-25T14:08:06.018;25-01-2020 14:08:06.018;;;;
2020-01-25T14:13:12.193;25-01-2020 14:13:13.722;;;;
2020-01-25T14:13:13.721;25-01-2020 14:13:13.722;;;;
2020-01-25T14:18:04.688;25-01-2020 14:18:05.917;;;;
2020-01-25T14:18:05.917;25-01-2020 14:18:05.917;;;;
2020-01-25T14:18:06.055;25-01-2020 14:18:06.319;;;;
2020-01-25T14:18:06.319;25-01-2020 14:18:06.319;;;;
2020-01-25T14:18:06.518;25-01-2020 14:18:07.064;;;;
2020-01-25T14:18:07.064;25-01-2020 14:18:07.064;;;;
2020-01-25T14:18:13;25-01-2020 14:18:13.382;;;;
2020-01-25T14:18:13.382;25-01-2020 14:18:13.382;;;;
2020-01-25T14:27:06.189;25-01-2020 14:27:06.900;;;;
2020-01-25T14:27:06.900;25-01-2020 14:27:06.900;;;;
2020-01-25T14:27:07.164;25-01-2020 14:27:08.108;;;;
2020-01-25T14:27:08.108;25-01-2020 14:27:08.109;;;;
2020-01-25T14:33:16.548;25-01-2020 14:33:19.133;;;;
2020-01-25T14:33:19.133;25-01-2020 14:33:19.133;;;;
2020-01-25T14:38:11.177;25-01-2020 14:38:11.598;;;;
2020-01-25T14:38:11.598;25-01-2020 14:38:11.598;;;;
2020-01-25T14:43:06.347;25-01-2020 14:43:07.520;;;;
2020-01-25T14:43:07.520;25-01-2020 14:43:07.520;;;;
2020-01-25T14:43:08.658;25-01-2020 14:43:09.068;;;;
2020-01-25T14:43:09.068;25-01-2020 14:43:09.068;;;;
2020-01-25T14:48:04.429;25-01-2020 14:48:04.811;;;;
2020-01-25T14:48:04.811;25-01-2020 14:48:04.811;;;;
2020-01-25T14:48:06.072;25-01-2020 14:48:06.453;;;;
2020-01-25T14:48:06.453;25-01-2020 14:48:06.453;;;;
2020-01-25T14:48:15.261;25-01-2020 14:48:15.598;;;;
2020-01-25T14:48:15.598;25-01-2020 14:48:15.598;;;;
2020-01-25T14:53:02.863;25-01-2020 14:53:04.331;;;;
2020-01-25T14:53:04.331;25-01-2020 14:53:04.331;;;;
2020-01-25T14:53:04.705;25-01-2020 14:53:05.466;;;;
2020-01-25T14:53:05.466;25-01-2020 14:53:05.466;;;;
2020-01-25T15:03:01.185;25-01-2020 15:03:02.236;;;;
2020-01-25T15:03:02.236;25-01-2020 15:03:02.236;;;;
2020-01-25T15:03:06.702;25-01-2020 15:03:06.975;;;;
2020-01-25T15:03:06.975;25-01-2020 15:03:06.975;;;;
2020-01-25T15:03:08.745;25-01-2020 15:03:09.527;;;;
2020-01-25T15:03:09.527;25-01-2020 15:03:09.527;;;;
2020-01-25T15:07:06.803;25-01-2020 15:07:07.194;;;;
2020-01-25T15:07:07.194;25-01-2020 15:07:07.194;;;;
2020-01-25T15:13:04.022;25-01-2020 15:13:05.173;;;;
2020-01-25T15:13:05.173;25-01-2020 15:13:05.175;;;;
2020-01-25T15:18:05.458;25-01-2020 15:18:06.448;;;;
2020-01-25T15:18:06.448;25-01-2020 15:18:06.448;;;;
2020-01-25T15:18:06.575;25-01-2020 15:18:06.924;;;;
2020-01-25T15:18:06.924;25-01-2020 15:18:06.925;;;;
2020-01-25T15:28:06.023;25-01-2020 15:28:06.339;;;;
2020-01-25T15:28:06.339;25-01-2020 15:28:06.339;;;;
2020-01-25T15:58:14.770;25-01-2020 15:58:15.782;;;;
2020-01-25T15:58:15.782;25-01-2020 15:58:15.782;;;;
2020-01-25T16:03:05.757;25-01-2020 16:03:06.675;;;;
2020-01-25T16:03:06.675;25-01-2020 16:03:06.675;;;;
2020-01-25T16:03:06.727;25-01-2020 16:03:06.932;;;;
2020-01-25T16:03:06.932;25-01-2020 16:03:06.932;;;;
2020-01-25T16:43:04.153;25-01-2020 16:43:05.271;;;;
2020-01-25T16:43:05.271;25-01-2020 16:43:05.271;;;;
2020-01-25T16:58:04.526;25-01-2020 16:58:05.937;;;;
2020-01-25T16:58:05.937;25-01-2020 16:58:05.938;;;;
2020-01-25T17:03:05.001;25-01-2020 17:03:06.001;;;;
2020-01-25T17:03:06.001;25-01-2020 17:03:06.002;;;;
2020-01-25T17:03:08.982;25-01-2020 17:03:09.875;;;;
2020-01-25T17:03:09.875;25-01-2020 17:03:09.875;;;;
2020-01-25T17:08:05.526;25-01-2020 17:08:06.095;;;;
2020-01-25T17:08:06.095;25-01-2020 17:08:06.095;;;;
2020-01-25T17:18:02.891;25-01-2020 17:18:03.044;;;;
2020-01-25T17:18:03.044;25-01-2020 17:18:03.044;;;;
2020-01-25T17:43:05.532;25-01-2020 17:43:06.186;;;;
2020-01-25T17:43:06.186;25-01-2020 17:43:06.186;;;;
2020-01-25T18:23:04.062;25-01-2020 18:23:04.126;;;;
2020-01-25T18:23:04.126;25-01-2020 18:23:04.128;;;;
2020-01-25T18:28:04.459;25-01-2020 18:28:04.731;;;;
2020-01-25T18:28:04.731;25-01-2020 18:28:04.731;;;;
2020-01-25T18:38:02.570;25-01-2020 18:38:03.306;;;;
2020-01-25T18:38:03.306;25-01-2020 18:38:03.308;;;;
2020-01-25T18:38:03.567;25-01-2020 18:38:04.052;;;;
2020-01-25T18:38:04.052;25-01-2020 18:38:04.052;;;;
2020-01-25T18:53:07.118;25-01-2020 18:53:07.409;;;;
2020-01-25T18:53:07.409;25-01-2020 18:53:07.409;;;;
2020-01-25T19:18:04.967;25-01-2020 19:18:05.635;;;;
2020-01-25T19:18:05.635;25-01-2020 19:18:05.638;;;;
2020-01-25T19:18:05.864;25-01-2020 19:18:06.488;;;;
2020-01-25T19:18:06.488;25-01-2020 19:18:06.488;;;;
2020-01-25T19:38:06.311;25-01-2020 19:38:06.759;;;;
2020-01-25T19:38:06.759;25-01-2020 19:38:06.772;;;;
2020-01-25T19:48:03.704;25-01-2020 19:48:04.270;;;;
2020-01-25T19:48:04.270;25-01-2020 19:48:04.271;;;;
2020-01-25T20:13:05.938;25-01-2020 20:13:06.622;;;;
2020-01-25T20:13:06.593;25-01-2020 20:13:06.624;;;;
2020-01-25T20:23:06.475;25-01-2020 20:23:07.002;;;;
2020-01-25T20:23:07.002;25-01-2020 20:23:07.002;;;;
2020-01-25T20:38:03.147;25-01-2020 20:38:03.937;;;;
2020-01-25T20:38:03.937;25-01-2020 20:38:03.938;;;;
2020-01-25T20:58:04.655;25-01-2020 20:58:05.624;;;;
2020-01-25T20:58:05.624;25-01-2020 20:58:05.625;;;;
